author_id,painting_id,24,368,1793,predicted_author
24,4707,0.988636016846,0.00426562735811,0.0070983665064,24
1793,91028,0.019398458302,0.0133775863796,0.967224001884,1793
368,8130,0.0663204565644,0.921905577183,0.0117739448324,368
24,4561,0.963340222836,0.012586330995,0.0240734256804,24
24,5870,0.822168707848,0.00561321666464,0.172218039632,24
24,4229,0.950819611549,0.0420286133885,0.00715175876394,24
368,53006,0.0165132172406,0.753508269787,0.229978531599,368
24,4346,0.993050336838,0.00377999083139,0.0031696264632,24
368,8208,0.0160182844847,0.974885940552,0.00909572653472,368
24,28824,0.883353173733,0.0185111928731,0.0981356576085,24
1793,92017,0.00230677006766,0.0143490852788,0.983344197273,1793
1793,90040,0.135085225105,0.106623142958,0.75829154253,1793
24,24383,0.176846280694,0.787988126278,0.0351656377316,368
1793,89187,0.105459727347,0.443114936352,0.451425343752,1793
1793,91239,0.0261698085815,0.0178227033466,0.956007480621,1793
368,13548,0.0107200089842,0.987801611423,0.00147840578575,368
1793,79365,0.123561784625,0.021895295009,0.854542970657,1793
368,13599,0.00970439054072,0.975044131279,0.0152514623478,368
24,7184,0.719552397728,0.246382251382,0.0340653583407,24
368,53191,0.00918133184314,0.950519323349,0.0402992926538,368
24,7003,0.87181776762,0.0926280468702,0.0355541184545,24
24,110327,0.657686531544,0.0377667434514,0.304546803236,24
368,20239,0.646345317364,0.340303987265,0.0133506627753,24
368,151341,0.020852163434,0.630604028702,0.348543792963,368
368,144137,0.193566694856,0.760762155056,0.0456710904837,368
368,16337,0.406053215265,0.578824579716,0.0151222674176,368
368,258520,0.145545959473,0.842915832996,0.0115382317454,368
368,8185,0.601066350937,0.277844041586,0.121089629829,24
1793,89149,0.0930297151208,0.408238142729,0.498732209206,1793
368,13549,0.000447044003522,0.996667563915,0.00288538588211,368
24,10082,0.556897103786,0.396012336016,0.047090601176,24
24,82388,0.709624111652,0.0328413844109,0.257534474134,24
368,16409,0.0842779055238,0.328680247068,0.587041795254,1793
368,23243,0.0153961088508,0.924031376839,0.060572501272,368
24,6352,0.97712790966,0.0159544534981,0.00691764662042,24
1793,91795,0.190243318677,0.0509581975639,0.758798420429,1793
24,24551,0.726146817207,0.0765354037285,0.197317808867,24
1793,92181,0.00307687628083,0.0282621178776,0.968661010265,1793
368,39703,0.0223510451615,0.807747662067,0.169901311398,368
24,6904,0.961875319481,0.0201652217656,0.0179594531655,24
24,138156,0.793401300907,0.0637792870402,0.142819449306,24
24,24051,0.778967857361,0.195807397366,0.0252248644829,24
1793,91041,0.0151890609413,0.00762026011944,0.977190732956,1793
368,17017,0.0309866871685,0.963092386723,0.00592095870525,368
24,6024,0.782865107059,0.162390440702,0.0547444038093,24
368,52784,0.0810308158398,0.82113713026,0.097832031548,368
368,99349,0.118454039097,0.812412381172,0.0691335722804,368
24,6318,0.912523925304,0.00577822607011,0.08169785887,24
1793,52550,0.429240077734,0.0728604122996,0.497899442911,1793
368,18252,0.027414644137,0.969170987606,0.003414347535,368
1793,91089,0.0412879623473,0.129356086254,0.829355955124,1793
368,25427,0.237218141556,0.728810250759,0.0339716374874,368
1793,91683,0.54538244009,0.0921391546726,0.362478405237,24
368,99272,0.314778774977,0.407021313906,0.278200000525,368
368,23165,0.11918554455,0.770372092724,0.110442310572,368
1793,90957,0.0146063705906,0.00713044218719,0.97826308012,1793
1793,92116,0.127874836326,0.0959108099341,0.776214301586,1793
24,7112,0.9956407547,0.000435036839917,0.00392426969483,24
24,5927,0.796068012714,0.0911458432674,0.112786203623,24
1793,52261,0.521248519421,0.381366252899,0.0973851755261,24
368,22486,0.0137288104743,0.966627180576,0.0196440462023,368
368,39690,0.010781978257,0.822803020477,0.166414991021,368
24,6686,0.967866241932,0.00402703415602,0.0281067416072,24
368,23368,0.140277966857,0.816402673721,0.0433193556964,368
1793,52665,0.23015011847,0.181043952703,0.58880597353,1793
24,4426,0.113397926092,0.361048489809,0.525553524494,1793
1793,90654,0.0141459060833,0.1636890769,0.82216489315,1793
368,99714,0.012941736728,0.126342579722,0.86071562767,1793
1793,90787,0.00650065066293,0.0485973954201,0.944901943207,1793
368,270376,0.143967494369,0.627792537212,0.228240013123,368
1793,90650,0.0157052818686,0.331800043583,0.652494728565,1793
368,258352,0.0465384982526,0.844204008579,0.109257481992,368
368,151516,0.0950548276305,0.837413728237,0.0675314217806,368
24,222108,0.315671265125,0.573726773262,0.110601991415,368
1793,89648,0.417977958918,0.0828800871968,0.499141961336,1793
24,221035,0.784599840641,0.155198350549,0.0602017492056,24
1793,91772,0.00566807901487,0.0249069612473,0.969424962997,1793
1793,52412,0.327610313892,0.158267602324,0.514122009277,1793
1793,52710,0.11125767231,0.0435991063714,0.845143258572,1793
1793,52534,0.279817461967,0.575528502464,0.144653975964,368
368,151419,0.0965151041746,0.826053321362,0.0774315297604,368
368,8129,0.381148517132,0.50225096941,0.116600528359,368
24,6646,0.614187479019,0.102285712957,0.283526867628,24
1793,91077,0.294634312391,0.0991132035851,0.606252551079,1793
1793,90657,0.00417653471231,0.217914924026,0.777908563614,1793
1793,91809,0.644889235497,0.198043510318,0.157067254186,24
368,16009,0.0185027681291,0.937993586063,0.0435036383569,368
1793,52404,0.0772849619389,0.294500410557,0.628214657307,1793
24,7119,0.835507273674,0.0826274752617,0.0818653330207,24
368,13647,0.0828685089946,0.793152034283,0.123979479074,368
1793,90767,0.345143198967,0.0042749363929,0.6505818367,1793
1793,89914,0.0247096326202,0.385102152824,0.590188205242,1793
1793,52687,0.4623888731,0.0196134708822,0.517997682095,1793
1793,90062,0.00463314075023,0.633361399174,0.362005531788,368
24,6688,0.987932980061,0.00900813378394,0.00305883632973,24
24,4381,0.757297277451,0.141891270876,0.100811444223,24
368,151296,0.0110407928005,0.948902904987,0.0400562807918,368
368,52580,0.313276797533,0.55340975523,0.133313506842,368
368,53197,0.167337417603,0.17217373848,0.660488903522,1793
1793,92107,0.00127438316122,0.0110404798761,0.987685084343,1793
368,258521,0.0469159074128,0.943282961845,0.00980109535158,368
24,4275,0.820344984531,0.115527898073,0.0641271322966,24
368,151666,0.0380894355476,0.813792765141,0.14811784029,368
1793,91151,0.0423302054405,0.00156039337162,0.956109464169,1793
24,5936,0.958423554897,0.0184400696307,0.0231362897903,24
1793,52554,0.416038244963,0.0349489226937,0.549012839794,1793
368,53077,0.172822073102,0.640330255032,0.18684771657,368
368,19563,0.395279377699,0.36891835928,0.235802263021,24
368,23339,0.0417593382299,0.951741993427,0.00649864040315,368
24,136943,0.912079334259,0.011729308404,0.0761914178729,24
368,52788,0.0290704369545,0.930896580219,0.0400329492986,368
368,8215,0.0552659854293,0.935632944107,0.00910111423582,368
24,4244,0.5999609828,0.382458120584,0.0175809431821,24
368,99668,0.027259837836,0.941973745823,0.0307663753629,368
24,4629,0.982832491398,0.00235943193547,0.0148080922663,24
368,20305,0.038762152195,0.712892055511,0.248345836997,368
1793,90183,0.0572299808264,0.0592788681388,0.883491039276,1793
368,23298,0.0192797295749,0.916924238205,0.0637960508466,368
368,143926,0.0765932649374,0.912945508957,0.0104612382129,368
1793,91851,0.00674838433042,0.0397353768349,0.953516304493,1793
368,8244,0.0169191900641,0.981415450573,0.00166540232021,368
1793,91094,0.0137866092846,0.397927641869,0.588285803795,1793
1793,89126,0.0457763336599,0.283302396536,0.670921266079,1793
24,23952,0.74457269907,0.0736295282841,0.181797772646,24
24,7121,0.979704141617,0.00800578668714,0.0122899888083,24
368,258372,0.0106477886438,0.960395276546,0.0289569236338,368
368,22770,0.0462111160159,0.944204866886,0.00958397239447,368
368,8279,0.174901515245,0.807914435863,0.017184022814,368
24,4213,0.17359483242,0.723776936531,0.102628193796,368
368,99704,0.0259792078286,0.961351394653,0.0126693956554,368
368,13563,0.0643663778901,0.928059756756,0.0075738877058,368
1793,91914,0.0622502118349,0.155169323087,0.782580494881,1793
1793,91105,0.0384870134294,0.0935166925192,0.86799633503,1793
368,99289,0.032047200948,0.375870615244,0.592082262039,1793
368,258250,0.0610073953867,0.859639406204,0.0793531686068,368
1793,90165,0.10304107517,0.289229333401,0.607729554176,1793
1793,90136,0.186195015907,0.0900497585535,0.723755180836,1793
24,7094,0.871145069599,0.108117453754,0.0207374226302,24
368,52862,0.032804146409,0.964565455914,0.00263033155352,368
368,23320,0.00570923043415,0.978545308113,0.0157454963773,368
24,4181,0.905150234699,0.061370164156,0.0334796458483,24
1793,89655,0.0117848487571,0.0136920940131,0.974523067474,1793
368,95836,0.0147086186334,0.951915860176,0.0333755649626,368
1793,52072,0.55365550518,0.043177716434,0.403166800737,24
1793,90064,0.0270847287029,0.161604866385,0.8113104105,1793
368,13249,0.294745564461,0.691553235054,0.0137012647465,368
1793,91860,0.0496329702437,0.00418183719739,0.946185171604,1793
24,222661,0.947405219078,0.00502578914165,0.0475689955056,24
368,23159,0.00129109527916,0.997073888779,0.00163499976043,368
1793,89644,0.60526651144,0.0054190941155,0.389314472675,24
368,16198,0.0312459841371,0.775205373764,0.193548649549,368
368,55682,0.0919018760324,0.84330201149,0.0647960752249,368
24,4634,0.68013972044,0.279073685408,0.0407866314054,24
1793,71211,0.0230271816254,0.0293796677142,0.947593152523,1793
1793,52552,0.261003434658,0.338300019503,0.400696516037,1793
1793,89627,0.306743502617,0.198066562414,0.495189905167,1793
368,22771,0.175378143787,0.361803293228,0.462818592787,1793
368,258376,0.0297900512815,0.899584472179,0.0706254541874,368
24,138858,0.888968884945,0.0997560024261,0.0112751265988,24
24,4637,0.734268963337,0.0278321616352,0.237898856401,24
368,47673,0.0363448411226,0.727062702179,0.236592486501,368
368,258463,0.00302574969828,0.944301486015,0.0526726990938,368
24,4528,0.085477553308,0.465120375156,0.449402034283,368
24,5947,0.805900454521,0.131046012044,0.0630535408854,24
24,7117,0.963347017765,0.021998969838,0.0146540123969,24
1793,91218,0.116111665964,0.281962752342,0.601925551891,1793
24,4429,0.642506957054,0.287655770779,0.0698373317719,24
24,4565,0.889560103416,0.0317747667432,0.0786650851369,24
24,10083,0.202956780791,0.765874326229,0.0311689302325,368
24,216638,0.744538843632,0.123582594097,0.131878525019,24
368,8283,0.01121229399,0.980526149273,0.008261567913,368
1793,90080,0.210111945868,0.0624940767884,0.727394044399,1793
24,4604,0.774276256561,0.178041860461,0.0476819090545,24
24,4636,0.723801076412,0.0716490447521,0.204549863935,24
24,6547,0.590405166149,0.187140718102,0.222454085946,24
1793,52536,0.92010051012,0.053050737828,0.0268486812711,24
368,23229,0.0144097153097,0.966582477093,0.0190078057349,368
368,23214,0.00154853565618,0.98850107193,0.00995032861829,368
368,151380,0.0576859749854,0.511687457561,0.430626630783,368
1793,89925,0.0325177684426,0.00991316884756,0.957569122314,1793
24,6516,0.971962034702,0.0259818956256,0.00205610063858,24
24,245664,0.699937164783,0.168134912848,0.131927967072,24
368,52801,0.188745304942,0.807730436325,0.00352420797572,368
368,99543,0.00536739779636,0.457516044378,0.537116646767,1793
24,6553,0.175375580788,0.148085385561,0.676539063454,1793
24,92832,0.66697794199,0.133970230818,0.199051827192,24
1793,91137,0.00406193640083,0.733680546284,0.262257605791,368
368,53254,0.282786548138,0.470798611641,0.24641482532,368
1793,52112,0.100151859224,0.120370663702,0.779477477074,1793
1793,90026,0.00277263205498,0.0855471342802,0.911680161953,1793
1793,90028,0.612681686878,0.0381568148732,0.349161505699,24
1793,92001,0.00262509402819,0.0481176450849,0.949257194996,1793
1793,92082,0.00170248281211,0.025495313108,0.972802102566,1793
368,39689,0.070015989244,0.857309937477,0.072674125433,368
1793,91215,0.0101533634588,0.0937482640147,0.89609837532,1793
24,93979,0.319963008165,0.0981022417545,0.581934809685,1793
1793,91656,0.0565909482539,0.124620310962,0.818788766861,1793
24,7114,0.327384114265,0.25324934721,0.419366538525,1793
368,8188,0.678015768528,0.215568378568,0.106415808201,24
1793,89699,0.0663014873862,0.375533550978,0.558164894581,1793
1793,249982,0.307744294405,0.152299135923,0.539956688881,1793
368,258484,0.199504464865,0.790872693062,0.00962282251567,368
24,107015,0.846599042416,0.100847534835,0.0525533929467,24
368,151302,0.132016181946,0.638441979885,0.229541793466,368
368,151669,0.0778829976916,0.786816954613,0.135300055146,368
24,127624,0.57167506218,0.0826500207186,0.345674932003,24
368,13067,0.0315524861217,0.424914628267,0.543532967567,1793
368,53138,0.0141957253218,0.856342434883,0.129461809993,368
24,80235,0.683060109615,0.012149585411,0.30479028821,24
1793,91753,0.011585727334,0.092513307929,0.895900905132,1793
1793,89629,0.00228789122775,0.0231883525848,0.97452378273,1793
368,258604,0.0741090551019,0.865642845631,0.0602481290698,368
1793,91193,0.00918310228735,0.122198723257,0.868618190289,1793
24,77444,0.829124867916,0.148829206824,0.022045886144,24
368,23216,0.006586371921,0.978321254253,0.015092337504,368
368,53152,0.281447023153,0.70012819767,0.0184248574078,368
24,4256,0.816699564457,0.130021050572,0.0532793328166,24
24,7004,0.982801795006,0.00108015188016,0.0161180458963,24
368,23151,0.24531263113,0.559370875359,0.195316493511,368
24,14528,0.0295964423567,0.968284189701,0.00211939727888,368
24,26227,0.92960190773,0.0162943154573,0.054103706032,24
1793,52402,0.0250657703727,0.970205485821,0.00472880201414,368
24,28311,0.879133462906,0.0448291413486,0.0760374069214,24
1793,90820,0.0258900951594,0.0402738079429,0.933836042881,1793
24,4532,0.591354191303,0.395481318235,0.0131644848734,24
24,127022,0.616608738899,0.306347548962,0.0770436525345,24
24,4167,0.68622481823,0.287191778421,0.0265834257007,24
368,99367,0.127323389053,0.201085820794,0.671590864658,1793
1793,89176,0.248029410839,0.138880044222,0.613090634346,1793
368,99662,0.0397060625255,0.878503620625,0.0817903578281,368
24,6704,0.899832487106,0.0609230175614,0.039244569838,24
368,53061,0.0118244821206,0.920545697212,0.067629866302,368
368,17212,0.0462669245899,0.666633486748,0.287099629641,368
1793,90049,0.00767038902268,0.62211471796,0.370214909315,368
24,4644,0.886861503124,0.0423863790929,0.0707522258162,24
1793,91649,0.00794164370745,0.00298995617777,0.989068329334,1793
24,230263,0.325514316559,0.554465711117,0.120020002127,368
1793,91667,0.0307986866683,0.00354233686812,0.965658962727,1793
24,7183,0.936543822289,0.0500760376453,0.0133802071214,24
1793,52486,0.00730128772557,0.0210991576314,0.971599519253,1793
368,53269,0.0582251548767,0.888248324394,0.0535265430808,368
1793,52304,0.28755274415,0.0789577141404,0.633489489555,1793
24,4420,0.844347715378,0.131097897887,0.0245544072241,24
368,53174,0.0541831590235,0.71065557003,0.235161319375,368
1793,52299,0.624936282635,0.0925942137837,0.282469451427,24
1793,91671,0.0380196347833,0.0258581787348,0.936122059822,1793
1793,89154,0.0846029073,0.218174681067,0.697222411633,1793
24,266152,0.784876406193,0.0081342915073,0.206989362836,24
24,7064,0.90631955862,0.0839195922017,0.00976090505719,24
1793,91018,0.0382162481546,0.0118291759863,0.94995456934,1793
24,28746,0.93364751339,0.0534716658294,0.0128807956353,24
1793,90034,0.0147016718984,0.208530083299,0.77676820755,1793
368,53037,0.159091725945,0.531603217125,0.309305071831,368
24,216702,0.0186889115721,0.0150813311338,0.96622979641,1793
24,192089,0.795206964016,0.0324043482542,0.17238868773,24
368,39716,0.0387217998505,0.789245128632,0.172033071518,368
1793,89570,0.0819820687175,0.740315258503,0.177702635527,368
24,4709,0.7263225317,0.0474332235754,0.226244240999,24
1793,89117,0.0857637301087,0.448509782553,0.465726494789,1793
368,23284,0.0588126443326,0.932537257671,0.00865010265261,368
1793,90905,0.00961385201663,0.015501415357,0.974884808064,1793
368,13558,0.171835437417,0.823294758797,0.0048697674647,368
24,4414,0.100703023374,0.0942286849022,0.805068314075,1793
1793,90180,0.0041513829492,0.0217642374337,0.974084377289,1793
24,5939,0.961929619312,0.0229894835502,0.0150809139013,24
24,4161,0.263537347317,0.709873199463,0.0265893898904,368
24,5868,0.895787775517,0.0168710146099,0.0873412266374,24
368,17762,0.40683016181,0.510272085667,0.0828976929188,368
368,53060,0.00357816298492,0.981951832771,0.0144699839875,368
24,4451,0.956776738167,0.0278330948204,0.0153901586309,24
24,113122,0.944329798222,0.0183210261166,0.0373491980135,24
1793,91021,0.0128371519968,0.0167663544416,0.970396459103,1793
368,17215,0.387885510921,0.542603850365,0.069510653615,368
1793,91989,0.0169857833534,0.00905635859817,0.973957777023,1793
368,53190,0.0437107868493,0.85658454895,0.0997047051787,368
1793,89814,0.56114178896,0.25265532732,0.186202973127,24
24,70454,0.865057766438,0.0142143415287,0.120727822185,24
1793,89801,0.0293779131025,0.0835599303246,0.887062191963,1793
1793,90033,0.0337548963726,0.450846791267,0.515398323536,1793
1793,90866,0.228505149484,0.0258001815528,0.745694696903,1793
1793,91007,0.280639380217,0.0311128906906,0.688247740269,1793
1793,89091,0.259546071291,0.358465015888,0.381988942623,1793
368,99655,0.00957494322211,0.852619588375,0.137805446982,368
24,63876,0.938027262688,0.00851822085679,0.0534545183182,24
1793,92157,0.00349372765049,0.000991771230474,0.995514452457,1793
24,143236,0.827629506588,0.0227940827608,0.149576410651,24
1793,92007,0.0366940051317,0.00422959402204,0.959076464176,1793
368,8220,0.122070118785,0.868951559067,0.00897837243974,368
24,4573,0.762005805969,0.0790267586708,0.158967405558,24
368,99357,0.0212315432727,0.870750904083,0.108017534018,368
368,52797,0.0066768056713,0.543253719807,0.450069457293,368
368,13577,0.00533647602424,0.970790863037,0.0238726492971,368
24,127036,0.830453634262,0.0581997483969,0.111346647143,24
368,52865,0.153984993696,0.63942605257,0.206588953733,368
24,4220,0.520281434059,0.450680762529,0.0290378127247,24
1793,89786,0.642018675804,0.168741568923,0.189239785075,24
24,4185,0.889789581299,0.0767271369696,0.0334832817316,24
368,210430,0.0138806281611,0.980217576027,0.00590176787227,368
1793,90174,0.0521882511675,0.153161332011,0.794650435448,1793
24,94163,0.264129430056,0.590901613235,0.144968956709,368
24,98235,0.918108820915,0.0275320168585,0.0543591678143,24
1793,91758,0.0181098468602,0.0545640476048,0.927326142788,1793
24,4439,0.918913602829,0.0596829503775,0.0214034505188,24
24,5885,0.769088506699,0.0775059908628,0.153405562043,24
24,5887,0.623305261135,0.33561578393,0.0410789772868,24
368,258506,0.0247154999524,0.972033441067,0.00325104175135,368
368,19565,0.849294900894,0.129796370864,0.0209087319672,24
24,6359,0.935149371624,0.0348479002714,0.0300026517361,24
1793,52699,0.743143081665,0.0899092853069,0.166947647929,24
368,258609,0.0200329665095,0.937316834927,0.042650166899,368
24,106390,0.399757921696,0.0203510466963,0.579890966415,1793
24,6670,0.913015365601,0.0501692444086,0.0368153750896,24
24,75987,0.774248659611,0.0515939369798,0.174157381058,24
24,6513,0.979998528957,0.00564464833587,0.0143568720669,24
1793,90046,0.20793621242,0.0311926249415,0.760871112347,1793
24,79333,0.922923028469,0.0684785991907,0.0085983723402,24
24,4554,0.69002199173,0.141712844372,0.1682651788,24
368,23158,0.00946473143995,0.985170543194,0.00536476494744,368
1793,52659,0.233871817589,0.0512845553458,0.714843690395,1793
368,151610,0.0561284571886,0.0231250207871,0.920746564865,1793
1793,91135,0.00655331416056,0.00210269587114,0.991343975067,1793
24,4329,0.225078463554,0.0710171014071,0.70390444994,1793
368,151333,0.114516712725,0.451916843653,0.43356642127,368
1793,90879,0.0271432753652,0.0802491158247,0.892607569695,1793
24,4274,0.03300742805,0.872959017754,0.0940335765481,368
24,4314,0.750935316086,0.244742229581,0.00432249438018,24
1793,90740,0.0131655409932,0.0846197754145,0.902214646339,1793
1793,89931,0.355228155851,0.0204323753715,0.624339461327,1793
24,4231,0.985139966011,0.0111335199326,0.00372641952708,24
24,5916,0.908357679844,0.0532675758004,0.0383747071028,24
24,4450,0.714025557041,0.0901829227805,0.195791468024,24
368,151608,0.0226854085922,0.487991034985,0.489323616028,1793
368,258461,0.256823241711,0.696165859699,0.0470108725131,368
368,53082,0.0315046645701,0.778706789017,0.189788505435,368
24,7172,0.875419676304,0.104317374527,0.0202630292624,24
24,6666,0.981675207615,0.0163186267018,0.00200618198141,24
1793,90734,0.0101792234927,0.381927520037,0.607893288136,1793
1793,90816,0.361635178328,0.079558737576,0.558806121349,1793
24,7098,0.857563257217,0.114852741361,0.0275840442628,24
24,6902,0.869088053703,0.109920598567,0.0209914091974,24
368,99279,0.0200733672827,0.942979693413,0.036946952343,368
1793,90750,0.0303359162062,0.108807697892,0.860856354237,1793
24,7161,0.954074025154,0.0283755939454,0.0175504200161,24
1793,91981,0.0871315672994,0.126684173942,0.786184251308,1793
1793,89660,0.881681740284,0.0567408278584,0.0615775063634,24
1793,89476,0.621630489826,0.225592136383,0.152777329087,24
368,23227,0.0380889736116,0.959157288074,0.00275381351821,368
1793,91136,0.0142136355862,0.552541732788,0.433244615793,368
1793,89796,0.147421553731,0.234894931316,0.617683529854,1793
24,5896,0.839204549789,0.130818575621,0.0299768764526,24
24,7089,0.983965873718,0.00479284813628,0.0112413633615,24
24,6363,0.774428367615,0.0316101610661,0.19396148622,24
368,13542,0.317259460688,0.349216043949,0.333524495363,368
368,13630,0.0252460986376,0.835771143436,0.138982787728,368
368,99274,0.153519317508,0.678821563721,0.167659074068,368
24,4701,0.848558545113,0.0993052870035,0.0521361604333,24
1793,90777,0.01048543863,0.0153039544821,0.974210619926,1793
24,75927,0.547699093819,0.0907569080591,0.361543983221,24
368,151623,0.00634946720675,0.497549563646,0.496100872755,368
24,6424,0.959169209003,0.020280007273,0.0205507464707,24
368,99474,0.0316364020109,0.886937439442,0.0814262032509,368
368,23289,0.0214423704892,0.975423157215,0.00313447741792,368
24,4530,0.893400788307,0.084902048111,0.0216971319169,24
1793,51958,0.758683145046,0.0916729345918,0.149643912911,24
1793,90056,0.247305124998,0.165844574571,0.58685028553,1793
24,22976,0.680435776711,0.247247651219,0.0723166540265,24
1793,89930,0.033066611737,0.370158582926,0.596774876118,1793
24,6524,0.816296458244,0.096433788538,0.0872697979212,24
368,258462,0.107786126435,0.846881091595,0.045332826674,368
368,23296,0.023559814319,0.291966825724,0.684473335743,1793
1793,52113,0.282358855009,0.581135630608,0.136505544186,368
1793,89656,0.0476418286562,0.1133216694,0.8390365839,1793
1793,90890,0.0192915666848,0.0377489961684,0.942959368229,1793
1793,91958,0.0264315120876,0.128196448088,0.845372140408,1793
1793,89945,0.00858613103628,0.00932328589261,0.982090592384,1793
1793,91091,0.258223295212,0.021198771894,0.720578014851,1793
1793,89093,0.300067842007,0.159261465073,0.540670633316,1793
24,24562,0.818189442158,0.175556734204,0.00625387392938,24
1793,89498,0.698922276497,0.146150350571,0.15492734313,24
1793,89224,0.0506052672863,0.397655308247,0.551739394665,1793
368,258519,0.0118173994124,0.97353631258,0.0146462386474,368
368,23431,0.0508206821978,0.946945786476,0.00223353807814,368
368,17392,0.0442562438548,0.937854647636,0.0178891476244,368
368,39699,0.008733978495,0.696077942848,0.295188069344,368
1793,91166,0.00709441443905,0.0164442919195,0.976461291313,1793
368,53159,0.00138812186196,0.993724405766,0.00488748960197,368
1793,91797,0.0333644449711,0.0740261673927,0.892609357834,1793
1793,52702,0.355138450861,0.0809451937675,0.563916385174,1793
24,192090,0.731213271618,0.219336077571,0.0494506917894,24
1793,91685,0.222521498799,0.0713569670916,0.706121623516,1793
368,151415,0.0431511551142,0.820599377155,0.136249497533,368
24,4135,0.752175629139,0.0377463363111,0.210078045726,24
368,8232,0.0205408073962,0.721212685108,0.258246511221,368
24,267002,0.796125113964,0.150295078754,0.0535797961056,24
1793,89659,0.00817416328937,0.00462158955634,0.987204194069,1793
24,139363,0.787193357944,0.0223234985024,0.190483108163,24
1793,52680,0.254021942616,0.0366026572883,0.70937538147,1793
1793,91037,0.100321628153,0.286290317774,0.613388061523,1793
24,26022,0.536154687405,0.144372105598,0.319473177195,24
1793,91164,0.1087346524,0.0405426807702,0.850722670555,1793
1793,89506,0.0282065756619,0.654856979847,0.316936403513,368
1793,90744,0.0216800179332,0.0503208450973,0.927999079227,1793
368,8204,0.13804513216,0.845335900784,0.0166189223528,368
24,113495,0.871641814709,0.00537289027125,0.122985325754,24
24,6927,0.947532117367,0.030110668391,0.0223572161049,24
24,6316,0.660351216793,0.263545304537,0.0761034712195,24
24,219351,0.150524973869,0.816212713718,0.0332622900605,368
24,84800,0.0982902422547,0.0132791260257,0.888430714607,1793
368,55685,0.112512931228,0.664455771446,0.223031327128,368
368,99636,0.18675801158,0.31174865365,0.50149333477,1793
368,99265,0.601074695587,0.379229694605,0.0196956377476,24
1793,89382,0.318776488304,0.217107832432,0.464115649462,1793
1793,90894,0.493309050798,0.114559605718,0.392131268978,24
1793,89761,0.544130444527,0.202689230442,0.253180295229,24
368,13610,0.0496255345643,0.931757986546,0.0186164081097,368
368,99378,0.014858096838,0.683016359806,0.302125543356,368
1793,92005,0.158954709768,0.00683070532978,0.834214627743,1793
368,8228,0.0266093295068,0.906778156757,0.0666125789285,368
1793,52548,0.0647638067603,0.125094264746,0.810141921043,1793
24,5928,0.923805832863,0.00594644295052,0.070247605443,24
1793,52188,0.00103154499084,0.986706137657,0.0122623015195,368
24,4362,0.252565771341,0.276276946068,0.471157342196,1793
1793,91217,0.0175542272627,0.695572912693,0.286872833967,368
24,103433,0.337019652128,0.569660902023,0.0933193787932,368
24,221165,0.866929888725,0.0220339000225,0.111036218703,24
1793,91658,0.0151680661365,0.0623575858772,0.922474324703,1793
1793,91829,0.134514689445,0.0509628541768,0.814522385597,1793
1793,89321,0.0557501316071,0.104885302484,0.839364528656,1793
1793,91686,0.388708502054,0.284478574991,0.326812922955,24
1793,90881,0.00205285218544,0.0353784039617,0.962568819523,1793
368,99428,0.0599779598415,0.918404459953,0.0216176379472,368
24,85088,0.921725988388,0.00335587095469,0.0749181360006,24
24,4376,0.439209342003,0.503167212009,0.0576233826578,368
24,92187,0.953471183777,0.00148941436782,0.0450394339859,24
368,151393,0.0158589780331,0.94747209549,0.0366689562798,368
1793,91979,0.0162479002029,0.0869150459766,0.896836996078,1793
1793,90877,0.0158083867282,0.368436932564,0.615754783154,1793
24,39351,0.890348374844,0.0553555525839,0.0542961135507,24
24,7011,0.930102646351,0.0579373426735,0.0119599411264,24
368,23287,0.202232286334,0.703845500946,0.0939221829176,368
368,23425,0.0519613958895,0.642144799232,0.305893808603,368
368,8271,0.121391005814,0.608150243759,0.270458728075,368
368,151388,0.109804309905,0.672305464745,0.217890202999,368
24,6697,0.48435524106,0.512699902058,0.00294481404126,368
24,104839,0.996616065502,0.00235245237127,0.00103145919275,24
368,151346,0.0063772299327,0.548193573952,0.445429205894,368
24,86298,0.351941436529,0.023124082014,0.624934494495,1793
368,13361,0.639658510685,0.356255203485,0.00408622715622,24
24,7168,0.708999574184,0.106109380722,0.184891059995,24
1793,52562,0.0989717543125,0.268631100655,0.632397174835,1793
368,52755,0.0286042373627,0.964401602745,0.00699421064928,368
24,4589,0.872861802578,0.0298781450838,0.0972599610686,24
24,7103,0.950663506985,0.00766695989296,0.0416695438325,24
1793,91208,0.00762752816081,0.00835717655718,0.984015285969,1793
1793,91179,0.0369910746813,0.0294106639922,0.933598220348,1793
24,127018,0.812750160694,0.167846351862,0.0194035358727,24
24,6702,0.27544438839,0.0259154494852,0.698640167713,1793
1793,91152,0.317490667105,0.00351932831109,0.678990006447,1793
1793,92166,0.271792829037,0.00894689187407,0.719260334969,1793
368,99476,0.0368023440242,0.368904769421,0.594292879105,1793
368,13686,0.00631665298715,0.83220154047,0.1614818573,368
24,4510,0.649157941341,0.156291216612,0.194550797343,24
368,142291,0.736089527607,0.171591028571,0.0923194214702,24
368,52745,0.0216884501278,0.950185775757,0.0281257200986,368
1793,91161,0.0136163448915,0.063091866672,0.923291742802,1793
368,16199,0.00165963917971,0.919577121735,0.0787631943822,368
1793,89373,0.0426685214043,0.640438318253,0.316893130541,368
368,99481,0.0460040569305,0.454568296671,0.499427676201,1793
368,8240,0.0253195166588,0.635855674744,0.338824808598,368
24,76129,0.542431592941,0.251914769411,0.205653637648,24
368,53261,0.0112401302904,0.878526926041,0.110232971609,368
24,14341,0.1137297526,0.859544277191,0.0267259590328,368
1793,89756,0.217660352588,0.0423683971167,0.739971220493,1793
24,5919,0.946901738644,0.00302975275554,0.0500685200095,24
24,93855,0.663569808006,0.210596472025,0.125833675265,24
368,99690,0.00468666385859,0.838321566582,0.156991750002,368
368,52859,0.0431085266173,0.51195204258,0.444939523935,368
1793,90748,0.483196139336,0.194980561733,0.321823328733,24
368,151412,0.0227443240583,0.890523552895,0.0867321491241,368
1793,52373,0.969182372093,0.0046655125916,0.0261520501226,24
1793,89918,0.0355884060264,0.00908383820206,0.955327749252,1793
24,4251,0.221007928252,0.660260081291,0.118732064962,368
368,39710,0.185379490256,0.609209001064,0.205411553383,368
1793,90784,0.0775398910046,0.207393348217,0.715066730976,1793
368,53214,0.0129620078951,0.966853201389,0.0201847236603,368
1793,91824,0.0101455664262,0.0266008339822,0.963253557682,1793
24,7091,0.894800245762,0.0998903363943,0.005309373606,24
1793,90663,0.0709295496345,0.313686043024,0.615384340286,1793
24,6426,0.983456790447,0.00138641218655,0.0151567617431,24
24,4415,0.233730643988,0.711066901684,0.0552024841309,368
1793,89128,0.119340024889,0.312780678272,0.567879319191,1793
24,4468,0.566418290138,0.374055713415,0.0595259815454,24
1793,91141,0.00178019551095,0.0181843973696,0.980035364628,1793
1793,89505,0.24999293685,0.230011999607,0.51999515295,1793
1793,89129,0.163335978985,0.787565886974,0.0490980893373,368
1793,90152,0.0585459135473,0.0334485583007,0.908005595207,1793
1793,90137,0.466026067734,0.0981520116329,0.435821861029,24
368,52936,0.00789574347436,0.927160084248,0.0649441257119,368
1793,89791,0.0395673885942,0.0628021806479,0.89763045311,1793
24,4310,0.383050113916,0.598686814308,0.0182630587369,368
368,151344,0.00363966310397,0.451547801495,0.544812560081,1793
24,4354,0.842236757278,0.0783442333341,0.0794190317392,24
368,8198,0.00348004186526,0.989557206631,0.00696270959452,368
368,17390,0.0464343205094,0.810100317001,0.143465355039,368
1793,91674,0.00747402757406,0.0184416417032,0.97408425808,1793
24,6590,0.956991791725,0.0395122952759,0.00349591113627,24
368,33689,0.0039669717662,0.958408236504,0.0376247875392,368
24,38437,0.92306548357,0.0192920975387,0.0576424077153,24
24,4271,0.183398500085,0.788042128086,0.028559371829,368
368,99495,0.245176613331,0.28649777174,0.468325644732,1793
24,4544,0.81144952774,0.0779011771083,0.110649310052,24
24,38327,0.976106882095,0.0122253401205,0.0116677545011,24
368,20706,0.0544685088098,0.754817843437,0.190713569522,368
24,6322,0.927441716194,0.0521178878844,0.0204403754324,24
1793,92177,0.00826582405716,0.00397552456707,0.987758696079,1793
368,52868,0.0238620061427,0.964995324612,0.0111426105723,368
24,6533,0.249513685703,0.693320989609,0.057165376842,368
368,258606,0.143801957369,0.849809885025,0.00638806913048,368
368,13646,0.0564781911671,0.872752189636,0.0707696229219,368
368,10123,0.0373906083405,0.923036456108,0.0395729541779,368
368,52748,0.490888923407,0.468330681324,0.0407805107534,24
24,4159,0.0045413095504,0.989028573036,0.00643008993939,368
24,6528,0.879111349583,0.0353288650513,0.0855597481132,24
1793,91983,0.00252275331877,0.0189141109586,0.978563070297,1793
24,4428,0.935735702515,0.0442187488079,0.0200454797596,24
1793,89795,0.0659944042563,0.0743156448007,0.859689950943,1793
24,4219,0.422785669565,0.137312486768,0.439901798964,1793
24,4713,0.830634713173,0.138413161039,0.0309521481395,24
24,4233,0.0464059263468,0.522630274296,0.430963754654,368
368,8219,0.17820648849,0.497525930405,0.324267566204,368
1793,89511,0.104482166469,0.812679231167,0.0828386843204,368
368,151432,0.0948005989194,0.802266180515,0.102933272719,368
24,6423,0.871438741684,0.0328585095704,0.0957027301192,24
1793,91027,0.331446319818,0.00704377889633,0.661509990692,1793
1793,90467,0.0599988773465,0.0095337703824,0.930467367172,1793
368,258615,0.0124655868858,0.979100704193,0.0084336688742,368
1793,90094,0.0827141851187,0.153231665492,0.764054179192,1793
1793,91839,0.110759213567,0.043437898159,0.845802903175,1793
1793,52184,0.173486024141,0.414229005575,0.412285029888,368
1793,52197,0.0311318244785,0.188182532787,0.780685663223,1793
1793,89923,0.00660827802494,0.0176112633198,0.975780487061,1793
1793,91837,0.114022985101,0.314776360989,0.571200728416,1793
368,53192,0.102142140269,0.873698294163,0.0241595786065,368
1793,89735,0.591609537601,0.00299341557547,0.405396997929,24
24,6557,0.833089590073,0.143236264586,0.0236742123961,24
24,109499,0.093217022717,0.10305634886,0.803726613522,1793
1793,91171,0.0242086350918,0.00628361897543,0.96950763464,1793
24,5897,0.903918504715,0.0118928989395,0.0841886252165,24
368,258379,0.00655250763521,0.877378761768,0.116068691015,368
24,5898,0.905673742294,0.044706877321,0.0496194250882,24
24,35534,0.3779720366,0.0121352318674,0.60989266634,1793
368,151436,0.0760459452868,0.881136536598,0.0428176000714,368
24,28664,0.845359146595,0.0131218219176,0.141518935561,24
24,4540,0.902054965496,0.0105273043737,0.0874177366495,24
368,270355,0.585576593876,0.345259606838,0.069163903594,24
1793,52546,0.015129096806,0.215381652117,0.76948928833,1793
1793,90066,0.0621815435588,0.746820390224,0.190998062491,368
368,23365,0.0177214369178,0.967887580395,0.0143910357729,368
24,261556,0.913935303688,0.00152100576088,0.084543697536,24
1793,89953,0.0157967749983,0.216502651572,0.767700612545,1793
1793,92033,0.0113574247807,0.0288547407836,0.959787845612,1793
1793,91825,0.039746016264,0.0092008607462,0.951053082943,1793
368,53266,0.00543939927593,0.974218785763,0.0203418582678,368
1793,89507,0.272279679775,0.508855581284,0.21886472404,368
24,6919,0.996455132961,0.00218563782983,0.00135914830025,24
24,6320,0.947866618633,0.0354252308607,0.0167081411928,24
24,230529,0.918910205364,0.0271950941533,0.0538947544992,24
24,216639,0.74919116497,0.164718702435,0.08609008044,24
24,68187,0.846064090729,0.121688842773,0.0322470366955,24
24,5907,0.981984555721,0.00715400185436,0.0108614014462,24
24,4591,0.934121608734,0.0212213452905,0.044657099992,24
368,53217,0.0128323007375,0.789567768574,0.197599962354,368
24,227266,0.761053919792,0.00744490046054,0.231501206756,24
24,6514,0.884633123875,0.0144347259775,0.100932188332,24
368,99681,0.0101784253493,0.963382720947,0.0264388620853,368
24,127038,0.659583628178,0.199523702264,0.140892714262,24
1793,91052,0.0484716966748,0.0151659809053,0.936362326145,1793
1793,91139,0.0620179139078,0.252553731203,0.685428380966,1793
368,8246,0.0597538799047,0.812872052193,0.127374067903,368
24,94709,0.173715636134,0.765236079693,0.0610483661294,368
24,6965,0.927782773972,0.0395685881376,0.0326486863196,24
1793,89376,0.0117785166949,0.58073413372,0.407487362623,368
1793,89654,0.0205262154341,0.126846030354,0.852627754211,1793
368,52882,0.00277900323272,0.954059362411,0.0431615933776,368
24,240267,0.840841770172,0.00611902400851,0.153039216995,24
24,7013,0.982046186924,0.0115204164758,0.00643335608765,24
24,7088,0.978744387627,0.0155479060486,0.00570767233148,24
24,27832,0.269451767206,0.303329139948,0.427219063044,1793
368,270348,0.70530974865,0.238276600838,0.056413628161,24
24,4541,0.0673272535205,0.869032561779,0.0636401623487,368
1793,90549,0.00405472842976,0.326226562262,0.669718742371,1793
1793,92084,0.0989748090506,0.0789916664362,0.822033584118,1793
24,7102,0.969624102116,0.00804104935378,0.0223348867148,24
368,99688,0.0211736112833,0.938095629215,0.0407307296991,368
1793,52674,0.402827680111,0.508085131645,0.0890872105956,368
368,52896,0.00797206349671,0.630846381187,0.361181497574,368
1793,52408,0.202990785241,0.333742022514,0.46326726675,1793
24,4563,0.64993429184,0.290985375643,0.0590803511441,24
368,8145,0.628442168236,0.303696423769,0.0678613334894,24
1793,89510,0.0625168308616,0.027663692832,0.909819543362,1793
1793,90173,0.00867135170847,0.0238444283605,0.967484235764,1793
1793,89891,0.101437740028,0.0892735719681,0.809288680553,1793
1793,88999,0.166009873152,0.693611383438,0.140378788114,368
368,151387,0.0566971004009,0.611681103706,0.331621795893,368
1793,91664,0.0308118890971,0.00876524299383,0.960422873497,1793
24,6560,0.444878339767,0.248620286584,0.306501418352,24
368,52959,0.00681033730507,0.937956571579,0.055233117193,368
368,99719,0.357646107674,0.437954574823,0.204399287701,368
24,4441,0.104125902057,0.194663524628,0.701210558414,1793
24,4295,0.047128174454,0.534931361675,0.417940497398,368
368,22434,0.00592325394973,0.987779259682,0.00629747286439,368
368,53264,0.0405022241175,0.458385825157,0.501111865044,1793
24,258914,0.956522285938,0.0235148761421,0.0199628453702,24
24,6314,0.906149089336,0.0251272153109,0.0687237307429,24
24,4285,0.802436828613,0.176182061434,0.0213810801506,24
24,6576,0.972431004047,0.0178565680981,0.00971241854131,24
1793,52187,0.559720754623,0.278305023909,0.161974161863,24
368,210357,0.0147174717858,0.977650046349,0.00763251725584,368
1793,90996,0.0379061289132,0.263799458742,0.698294401169,1793
24,7180,0.894026637077,0.0323952808976,0.0735780820251,24
24,4374,0.746827185154,0.235870599747,0.0173022411764,24
24,4610,0.807635903358,0.174851432443,0.0175126101822,24
24,6568,0.962107121944,0.0131473466754,0.0247455108911,24
368,8135,0.00597233278677,0.978506028652,0.0155216706917,368
368,151416,0.0110437488183,0.95105022192,0.0379060283303,368
368,52956,0.00170805526432,0.978455364704,0.0198365505785,368
368,258234,0.103172332048,0.847626268864,0.0492014214396,368
1793,52415,0.0571826733649,0.360291540623,0.582525730133,1793
368,53063,0.0168022979051,0.815067529678,0.168130159378,368
1793,90751,0.0408344082534,0.38333556056,0.575830042362,1793
1793,52703,0.12324141711,0.0676984414458,0.80906021595,1793
368,99679,0.0422602556646,0.886218190193,0.0715216323733,368
368,52963,0.021520473063,0.969790160656,0.00868937559426,368
368,23419,0.00232102791779,0.984755933285,0.0129230264574,368
368,12434,0.00731422565877,0.970740437508,0.0219453424215,368
24,143144,0.915498077869,0.0584270991385,0.0260748136789,24
24,4217,0.746884942055,0.0590919405222,0.194023132324,24
1793,91046,0.0880895480514,0.0786100402474,0.833300352097,1793
1793,89821,0.0822030678391,0.0544968284667,0.863300025463,1793
1793,92015,0.00384913780726,0.00953075196594,0.98662006855,1793
368,258232,0.0350647047162,0.888226032257,0.0767093226314,368
1793,92182,0.00890785176307,0.288669794798,0.702422440052,1793
1793,52565,0.699909567833,0.25070104003,0.0493893995881,24
1793,89162,0.0723178982735,0.909418404102,0.0182636808604,368
368,258607,0.197021618485,0.771056711674,0.0319217406213,368
368,53189,0.299449533224,0.633082807064,0.0674676373601,368
368,23213,0.00506732519716,0.978268325329,0.0166643131524,368
24,85008,0.992088913918,0.00504337903112,0.002867736388,24
1793,89934,0.00900615099818,0.69209343195,0.298900365829,368
24,116371,0.394522458315,0.171368479729,0.434109032154,1793
368,13362,0.148456990719,0.679606854916,0.17193621397,368
1793,52525,0.0553191900253,0.0500296242535,0.894651174545,1793
368,8267,0.540366292,0.437855511904,0.0217782054096,24
24,4421,0.429174035788,0.434938848019,0.135887160897,368
24,4177,0.153472781181,0.824674427509,0.0218528322875,368
1793,90768,0.00373832462355,0.00603803806007,0.990223646164,1793
1793,52488,0.0571833886206,0.605562448502,0.337254226208,368
1793,52365,0.0040192771703,0.881977617741,0.114003166556,368
24,28748,0.620276808739,0.322165042162,0.0575581453741,24
368,8264,0.0285652186722,0.948078811169,0.0233560111374,368
368,52891,0.0120350923389,0.966786384583,0.0211785193533,368
368,52952,0.00299212080427,0.96195846796,0.0350493751466,368
1793,52161,0.36760187149,0.232179895043,0.400218337774,1793
24,219879,0.968271970749,0.00539339380339,0.0263345129788,24
368,13622,0.0163633301854,0.943147301674,0.0404892899096,368
1793,89944,0.00640715658665,0.0538281388581,0.939764738083,1793
1793,90923,0.0247849840671,0.623961508274,0.351253479719,368
24,6574,0.729331791401,0.243727102876,0.0269411727786,24
368,17614,0.0120480293408,0.980689704418,0.00726228579879,368
368,23441,0.212680831552,0.77513974905,0.0121794175357,368
368,151625,0.0130855310708,0.827641785145,0.159272640944,368
1793,90662,0.0149513399228,0.155742153525,0.829306542873,1793
368,258354,0.157821804285,0.758309006691,0.0838691368699,368
24,24493,0.58230048418,0.342397063971,0.0753024965525,24
368,270389,0.166472971439,0.704314947128,0.129212021828,368
368,53165,0.00499503919855,0.973395764828,0.0216091554612,368
24,6519,0.972128510475,0.0184335988015,0.00943782646209,24
368,151662,0.0857470110059,0.54346382618,0.370789170265,368
24,108527,0.851614832878,0.0264670588076,0.12191811949,24
368,99275,0.0392173752189,0.933269202709,0.0275134351104,368
24,267199,0.833391427994,0.0455747693777,0.121033795178,24
24,6951,0.707745015621,0.224823176861,0.0674317553639,24
1793,89784,0.0470694042742,0.0335721001029,0.919358432293,1793
368,270345,0.11006039381,0.250026136637,0.639913439751,1793
1793,90875,0.0255049485713,0.0780123174191,0.896482765675,1793
24,4553,0.87505620718,0.0344601944089,0.0904836207628,24
1793,90978,0.00311150215566,0.769152581692,0.227735921741,368
368,99644,0.00443177204579,0.95343631506,0.042131934315,368
1793,52689,0.588943123817,0.0222170483321,0.388839900494,24
1793,91165,0.125243127346,0.0255904197693,0.849166333675,1793
368,118294,0.00738196820021,0.0462610982358,0.94635695219,1793
1793,92006,0.00563790695742,0.00603198586032,0.988330125809,1793
368,23242,0.056943949312,0.882034659386,0.0610214546323,368
1793,52633,0.427811264992,0.0737350657582,0.498453706503,1793
368,210348,0.0118786357343,0.966460108757,0.0216612815857,368
368,53257,0.120972238481,0.857611179352,0.021416541189,368
24,4238,0.227539241314,0.500022232533,0.272438496351,368
24,5914,0.932595074177,0.0335343144834,0.0338706225157,24
1793,91687,0.158919110894,0.174576729536,0.666504144669,1793
24,248358,0.0286054760218,0.733622729778,0.237771868706,368
24,6440,0.885352790356,0.111012637615,0.00363455270417,24
1793,90871,0.00856154225767,0.591068506241,0.400369942188,368
1793,90959,0.0370915271342,0.0179521050304,0.944956421852,1793
1793,89628,0.437864869833,0.279649794102,0.282485425472,24
1793,87723,0.0110061699525,0.0145858610049,0.974407970905,1793
1793,91160,0.0068080117926,0.0224745701998,0.970717310905,1793
368,23318,0.00573953799903,0.989111959934,0.00514847924933,368
1793,92128,0.010777358897,0.288845181465,0.700377523899,1793
1793,89108,0.0929803922772,0.849959909916,0.0570597201586,368
368,53123,0.712325334549,0.219233572483,0.0684411153197,24
1793,52307,0.534808695316,0.110444366932,0.354746937752,24
24,123754,0.0369623340666,0.134727850556,0.828309774399,1793
24,6350,0.962000966072,0.0357087515295,0.00229024188593,24
24,4564,0.709584593773,0.229920610785,0.0604948177934,24
368,25536,0.101874172688,0.570284426212,0.327841430902,368
368,53193,0.0765857473016,0.897540390491,0.0258738920093,368
368,151472,0.016622364521,0.939974188805,0.0434034131467,368
368,19746,0.0270399544388,0.938415646553,0.0345443636179,368
1793,91181,0.0800646543503,0.0624220110476,0.85751336813,1793
24,4698,0.918993651867,0.0627157613635,0.0182905886322,24
1793,92165,0.133021235466,0.0989036932588,0.768074989319,1793
1793,52205,0.12067116797,0.0412054918706,0.838123381138,1793
24,222109,0.990125000477,0.00391378160566,0.00596126588061,24
368,23428,0.0233129765838,0.922876834869,0.0538101904094,368
368,23328,0.0680610165,0.919189095497,0.012749821879,368
24,28616,0.948235929012,0.0388124510646,0.0129516543821,24
368,144128,0.557915449142,0.372830510139,0.0692540183663,24
1793,89193,0.193376272917,0.121537163854,0.685086548328,1793
368,52588,0.475431710482,0.4885391891,0.0360290668905,368
368,52592,0.00148128194269,0.992426514626,0.0060922508128,368
1793,91184,0.0424755178392,0.477442622185,0.480081886053,1793
24,4503,0.928835213184,0.0018477817066,0.0693170204759,24
368,53160,0.00625673355535,0.600772798061,0.392970472574,368
24,107322,0.718672096729,0.166622236371,0.114705629647,24
368,99358,0.00879034027457,0.95428621769,0.0369234904647,368
368,151340,0.0174287743866,0.595045685768,0.387525498867,368
24,77470,0.97627466917,0.00482108397409,0.0189042333513,24
1793,91998,0.00692880665883,0.0276463534683,0.965424776077,1793
368,47675,0.0167216174304,0.927246630192,0.0560317896307,368
368,258468,0.0273683089763,0.940107047558,0.032524663955,368
1793,90979,0.0429653935134,0.0821118727326,0.874922692776,1793
368,8183,0.00368122686632,0.990388810635,0.00592992035672,368
368,8234,0.333928644657,0.486327528954,0.179743826389,368
24,7093,0.949189901352,0.0482136569917,0.00259654596448,24
1793,89770,0.050401609391,0.0456155054271,0.903982937336,1793
368,99292,0.0592302083969,0.899632632732,0.0411371700466,368
368,20701,0.0131544154137,0.940281331539,0.0465642400086,368
368,16197,0.0137221813202,0.603121817112,0.383156061172,368
24,7007,0.790498614311,0.150494977832,0.0590063482523,24
24,4205,0.0825904980302,0.903427124023,0.0139824533835,368
368,23285,0.353414863348,0.633723914623,0.0128612108529,368
368,52791,0.100100077689,0.872602701187,0.0272972267121,368
24,4173,0.177630618215,0.790699839592,0.0316695421934,368
24,122522,0.979515612125,0.00784791447222,0.0126364408061,24
24,104109,0.349185049534,0.0803425610065,0.570472419262,1793
1793,90997,0.00398756703362,0.0277325175703,0.968279957771,1793
1793,90998,0.0123143428937,0.254551112652,0.733134567738,1793
24,4345,0.454637974501,0.464574426413,0.0807875543833,368
368,52752,0.0730252340436,0.910168230534,0.0168065465987,368
368,99374,0.0267430022359,0.929230988026,0.0440259352326,368
24,5886,0.863576710224,0.113881975412,0.0225413721055,24
24,83568,0.689307510853,0.0285984594375,0.282094031572,24
24,7100,0.997275292873,0.00199710857123,0.000727592036128,24
1793,52563,0.0542143210769,0.05753974244,0.888245940208,1793
368,85161,0.241697996855,0.608504593372,0.149797409773,368
368,151396,0.0280931387097,0.817873597145,0.154033258557,368
368,14550,0.01748146303,0.967005372047,0.0155131807551,368
368,8239,0.231352373958,0.754748523235,0.0138990934938,368
1793,89181,0.291764318943,0.486453026533,0.221782594919,368
1793,91168,0.0236093569547,0.125166729093,0.851223886013,1793
368,8226,0.226060554385,0.504276335239,0.269663125277,368
1793,89651,0.0024923379533,0.0202147122473,0.977292954922,1793
1793,89378,0.0611580722034,0.137913584709,0.800928473473,1793
368,99379,0.0209807008505,0.787414193153,0.191605105996,368
1793,52623,0.067833520472,0.182817727327,0.749348759651,1793
24,7054,0.902380049229,0.0256822146475,0.0719377845526,24
24,84797,0.123377718031,0.812349200249,0.0642730370164,368
368,258233,0.0543345063925,0.651195883751,0.294469565153,368
24,6665,0.978319108486,0.0105420518667,0.011138885282,24
24,77179,0.0927236154675,0.360685616732,0.546590745449,1793
368,53270,0.0299941375852,0.933391034603,0.0366148464382,368
1793,91822,0.0393181405962,0.0170418694615,0.943639934063,1793
24,4248,0.502082765102,0.484444826841,0.0134724052623,24
1793,89189,0.381054371595,0.121894128621,0.497051507235,1793
1793,90053,0.0189747363329,0.053395204246,0.927630007267,1793
368,151619,0.0131823970005,0.834172904491,0.152644693851,368
24,4178,0.144176036119,0.847140014172,0.00868394225836,368
368,13571,0.0177843570709,0.955348134041,0.0268675256521,368
1793,92102,0.0704608485103,0.0322732664645,0.897265911102,1793
368,22952,0.00155348354019,0.991307318211,0.00713921943679,368
24,7099,0.671072304249,0.0348721295595,0.294055610895,24
1793,91056,0.039516620338,0.0219628177583,0.938520610332,1793
1793,90913,0.0305492654443,0.0166088491678,0.952841877937,1793
24,24395,0.355768144131,0.0453960113227,0.59883582592,1793
1793,52152,0.00202106148936,0.986684262753,0.0112946946174,368
24,6575,0.956334412098,0.0297320187092,0.0139335310087,24
24,78221,0.489441812038,0.0355498641729,0.475008249283,24
24,244978,0.968497693539,0.00613235263154,0.0253699086607,24
1793,52657,0.0155939152464,0.192502751946,0.791903316975,1793
1793,89675,0.148854166269,0.176566928625,0.674578905106,1793
1793,91149,0.240882024169,0.00714085670188,0.751977145672,1793
1793,92118,0.00381542160176,0.0063251927495,0.98985940218,1793
24,5883,0.509263694286,0.483970552683,0.00676578376442,24
1793,91050,0.0597639121115,0.0188836678863,0.92135232687,1793
24,216603,0.264227926731,0.00284737814218,0.732924759388,1793
24,6031,0.704969286919,0.0387288890779,0.256301760674,24
24,221478,0.559786379337,0.077893294394,0.362320393324,24
368,151514,0.0988428145647,0.787461280823,0.113695882261,368
24,39352,0.958688318729,0.0143306823447,0.0269809477031,24
368,151557,0.0137676000595,0.96266913414,0.0235632713884,368
24,4214,0.291623234749,0.657357573509,0.0510191433132,368
24,5875,0.754319906235,0.212292432785,0.0333875529468,24
368,270388,0.0213918611407,0.932902097702,0.0457060560584,368
368,258364,0.06224007532,0.920998811722,0.0167611856014,368
1793,90012,0.0264162458479,0.0293341744691,0.944249510765,1793
24,72881,0.986217081547,0.0114881824702,0.00229462329298,24
368,8159,0.822102487087,0.110566228628,0.0673312470317,24
368,23161,0.0814812928438,0.858042776585,0.0604758933187,368
24,4144,0.243636876345,0.519542634487,0.23682051897,368
1793,52297,0.352168947458,0.327536255121,0.320294767618,24
1793,89798,0.189758628607,0.305891752243,0.504349648952,1793
1793,52295,0.190353140235,0.675105214119,0.134541586041,368
1793,90109,0.117944218218,0.331938296556,0.550117433071,1793
24,234505,0.703536748886,0.00504167517647,0.291421532631,24
1793,91672,0.0115092368796,0.0813537910581,0.907137036324,1793
24,6319,0.966923415661,0.00544731225818,0.0276291668415,24
1793,52156,0.721862077713,0.114613391459,0.16352455318,24
368,16204,0.0361015237868,0.939890682697,0.0240077674389,368
368,20688,0.0413016490638,0.947598814964,0.0110995750874,368
1793,109516,0.407670170069,0.394547343254,0.197782516479,24
368,22751,0.00390872731805,0.99204647541,0.00404481915757,368
1793,91769,0.0199845358729,0.0495763830841,0.930439054966,1793
368,258523,0.00503377616405,0.975425302982,0.019540945068,368
368,23157,0.0132476016879,0.971777141094,0.0149752730504,368
368,270393,0.719599783421,0.221103146672,0.0592970177531,24
1793,90151,0.068562284112,0.0891094431281,0.842328310013,1793
1793,89669,0.014962779358,0.168039947748,0.816997289658,1793
368,25527,0.248940899968,0.680239021778,0.0708200782537,368
368,99294,0.0396265946329,0.894725799561,0.0656475871801,368
24,116150,0.633764505386,0.119482003152,0.246753543615,24
368,8258,0.208116039634,0.784191966057,0.00769201712683,368
24,245050,0.831685185432,0.0081215268001,0.160193264484,24
24,4691,0.85378408432,0.0585395358503,0.0876764282584,24
24,4166,0.859673917294,0.106551826,0.0337742380798,24
1793,89497,0.0325215756893,0.801164507866,0.166313901544,368
24,6025,0.63297522068,0.256224066019,0.110800676048,24
1793,89119,0.318868815899,0.233532354236,0.447598814964,1793
24,6999,0.47548815608,0.498126983643,0.0263848491013,368
24,221153,0.669418931007,0.113254293799,0.217326685786,24
368,17040,0.0204080529511,0.966777086258,0.0128147825599,368
24,4476,0.914282739162,0.0651344507933,0.0205828230828,24
24,6032,0.950816273689,0.0416095592082,0.0075741764158,24
368,270351,0.0884568020701,0.874539017677,0.0370041690767,368
1793,89081,0.643262803555,0.210959941149,0.145777225494,24
1793,90956,0.0171072259545,0.00705445325002,0.975838363171,1793
1793,89889,0.0261470135301,0.916169643402,0.0576832666993,368
1793,90479,0.0391943641007,0.144428402185,0.816377222538,1793
368,52949,0.0154321845621,0.60750412941,0.377063661814,368
24,4475,0.515146791935,0.423569858074,0.0612833797932,24
24,85344,0.882753252983,0.0268199387938,0.0904267728329,24
1793,90077,0.0659326091409,0.00282465200871,0.931242763996,1793
24,103267,0.131963431835,0.454689383507,0.413347154856,368
24,7012,0.747783303261,0.168098434806,0.0841182395816,24
24,4518,0.927682697773,0.0317098349333,0.0406075082719,24
24,4576,0.875605165958,0.0889161974192,0.0354786105454,24
1793,90156,0.0506150089204,0.119391344488,0.829993665218,1793
368,13604,0.00539754051715,0.957473158836,0.0371292643249,368
1793,89218,0.0187212396413,0.023657804355,0.957620918751,1793
24,24140,0.996885716915,0.00159170210827,0.00152249983512,24
24,5891,0.474908798933,0.0190160870552,0.506075084209,1793
1793,90063,0.0489498414099,0.424815833569,0.526234328747,1793
24,6573,0.985997080803,0.00509936269373,0.00890349410474,24
24,5935,0.966231703758,0.010752803646,0.0230155624449,24
368,8161,0.0677668899298,0.891689538956,0.0405435077846,368
368,13937,0.00997532065958,0.957837224007,0.0321874842048,368
368,151461,0.142623797059,0.80942928791,0.0479469113052,368
24,6435,0.989624202251,0.0065696677193,0.00380612467416,24
24,103804,0.935816407204,0.0191264022142,0.0450571551919,24
1793,92013,0.0567065402865,0.561898052692,0.38139551878,368
368,13612,0.0393657907844,0.939362347126,0.0212719142437,368
1793,90168,0.243816927075,0.0191381741315,0.737044870853,1793
24,4471,0.94816583395,0.0334975495934,0.0183366499841,24
1793,52500,0.698311686516,0.0485907010734,0.253097712994,24
1793,90761,0.006714199204,0.00123355723917,0.992052197456,1793
368,8155,0.0235548056662,0.962502300739,0.0139428302646,368
24,5960,0.952991783619,0.0020863704849,0.0449218600988,24
1793,52649,0.0151348626241,0.257528424263,0.72733682394,1793
368,52854,0.00243349955417,0.982185781002,0.015380717814,368
368,99701,0.213883832097,0.486643731594,0.299472421408,368
368,258245,0.0255477540195,0.797122955322,0.177329286933,368
24,5945,0.983103990555,0.00445616804063,0.0124399410561,24
1793,91967,0.0319963954389,0.0328147672117,0.935188889503,1793
368,58456,0.0917608886957,0.905466079712,0.00277302670293,368
24,93655,0.6821834445,0.0275969021022,0.290219664574,24
368,258244,0.0418229885399,0.862054169178,0.0961228311062,368
1793,90924,0.0637427195907,0.0235211979598,0.91273611784,1793
1793,92183,0.0545966364443,0.527299940586,0.418103456497,368
1793,90150,0.0835213288665,0.070633649826,0.845845043659,1793
24,6945,0.941691935062,0.0433873012662,0.0149206602946,24
368,270356,0.719609797001,0.110436752439,0.169953465462,24
368,52731,0.105374656618,0.853948771954,0.0406765863299,368
24,4490,0.569127738476,0.00858763139695,0.422284603119,24
1793,89015,0.700055003166,0.149451911449,0.150493100286,24
1793,91838,0.0838305354118,0.0657943338156,0.850375115871,1793
368,53163,0.101856082678,0.876396238804,0.0217476449907,368
24,6947,0.94713139534,0.0429308526218,0.0099378041923,24
1793,52192,0.129397153854,0.0939331948757,0.776669681072,1793
24,6692,0.972181499004,0.00225000595674,0.0255684312433,24
368,23166,0.186139658093,0.591452479362,0.222407877445,368
368,17216,0.77913838625,0.203341037035,0.0175205804408,24
1793,90949,0.0156817659736,0.0334640406072,0.950854182243,1793
1793,90113,0.0323371440172,0.743968963623,0.22369389236,368
24,7065,0.980035245419,0.00581515859812,0.0141494981945,24
1793,52551,0.649959743023,0.317835122347,0.0322051495314,24
368,53256,0.302203565836,0.568099796772,0.129696637392,368
368,52937,0.0215415507555,0.840096175671,0.138362318277,368
368,258377,0.0145001113415,0.776598572731,0.208901301026,368
1793,89367,0.220573529601,0.664498746395,0.114927783608,368
24,22025,0.512671589851,0.369256615639,0.118071846664,24
368,52587,0.147912740707,0.847613930702,0.00447326572612,368
368,13582,0.279655396938,0.669337570667,0.0510071106255,368
24,122300,0.749546825886,0.211388230324,0.0390649102628,24
1793,90752,0.00627832347527,0.711601734161,0.282119959593,368
1793,91144,0.0124453855678,0.0293709207326,0.958183586597,1793
1793,92114,0.0146957468241,0.00349355814978,0.981810688972,1793
24,4601,0.453600615263,0.473240613937,0.0731588825583,368
24,192080,0.840830206871,0.105615064502,0.0535547621548,24
368,258475,0.211143478751,0.758292973042,0.0305634979159,368
368,14534,0.0378823690116,0.877853929996,0.0842637419701,368
24,38541,0.96674144268,0.0288565848023,0.00440200511366,24
24,4600,0.928224265575,0.0624140202999,0.00936164334416,24
368,13585,0.0256212484092,0.911901891232,0.0624768957496,368
24,246983,0.0570604205132,0.0648369118571,0.878102660179,1793
368,8266,0.0835696905851,0.903910517693,0.012519787997,368
1793,90988,0.130577847362,0.0835103020072,0.785911858082,1793
1793,90135,0.00746204936877,0.00411934964359,0.988418638706,1793
368,141059,0.203069239855,0.116537310183,0.680393457413,1793
24,5964,0.968793332577,0.000999624258839,0.0302070025355,24
368,143711,0.0841797962785,0.552711009979,0.363109230995,368
368,151362,0.705508291721,0.238381758332,0.0561099015176,24
1793,52433,0.186180964112,0.454300910234,0.359518140554,368
1793,89048,0.153082460165,0.352742880583,0.494174599648,1793
368,52820,0.0112772630528,0.979964137077,0.00875860173255,368
1793,92173,0.00343811535276,0.00739498902112,0.989166915417,1793
24,4128,0.6199619174,0.247306853533,0.132731214166,24
24,7185,0.813512921333,0.0754997432232,0.110987357795,24
368,52955,0.00306291715242,0.863371372223,0.133565694094,368
368,99281,0.0669883787632,0.797701656818,0.135310053825,368
368,53166,0.105476856232,0.501600861549,0.392922192812,368
1793,90759,0.00830498989671,0.711551725864,0.280143260956,368
1793,52185,0.379248261452,0.160071521997,0.460680216551,1793
368,258356,0.0410129763186,0.948862850666,0.0101242056116,368
24,6678,0.982702732086,0.00779551826417,0.00950170867145,24
24,102441,0.593636393547,0.306741595268,0.0996220111847,24
1793,89501,0.0250303596258,0.0337615795434,0.941208064556,1793
1793,89127,0.0832517072558,0.798471689224,0.118276566267,368
368,22441,0.0627788156271,0.815324604511,0.121896617115,368
24,4511,0.968750238419,0.0217919740826,0.00945782288909,24
368,52654,0.00979708414525,0.984942436218,0.00526047032326,368
368,13590,0.0753149315715,0.89725446701,0.0274305772036,368
24,6356,0.812061071396,0.0642926096916,0.123646274209,24
368,8134,0.0974932461977,0.866435170174,0.0360715650022,368
368,17616,0.35980245471,0.0895459875464,0.550651609898,1793
1793,89122,0.578142762184,0.232242450118,0.189614787698,24
368,52768,0.0541197620332,0.70909178257,0.236788466573,368
24,6943,0.965422928333,0.0071281096898,0.0274489503354,24
368,14384,0.00659536896273,0.93436986208,0.0590348020196,368
1793,91773,0.00559542840347,0.683694720268,0.310709834099,368
368,51345,0.0201014056802,0.969766497612,0.0101321162656,368
24,24425,0.866296648979,0.107080422342,0.0266228076071,24
368,53150,0.200005441904,0.75604391098,0.0439505986869,368
1793,90986,0.010907413438,0.142870679498,0.846221923828,1793
368,23377,0.00646145129576,0.986127495766,0.00741100171581,368
1793,53465,0.687371611595,0.0355823040009,0.277046084404,24
368,99263,0.304268211126,0.554629683495,0.141102150083,368
368,13690,0.0532610751688,0.82326233387,0.123476549983,368
24,95487,0.647967815399,0.15009778738,0.201934307814,24
1793,91210,0.0055351308547,0.0205359309912,0.97392898798,1793
1793,90819,0.0027618764434,0.0180590320379,0.979179143906,1793
24,113129,0.236949890852,0.715477705002,0.0475724935532,368
1793,91216,0.0941616296768,0.505404472351,0.400433957577,368
24,85326,0.707361340523,0.041751626879,0.250887036324,24
1793,89165,0.129538267851,0.765991330147,0.104470409453,368
24,116149,0.644835412502,0.175285965204,0.179878607392,24
1793,52385,0.634833574295,0.0647369921207,0.300429403782,24
1793,92023,0.0028374476824,0.00285990955308,0.99430257082,1793
24,218675,0.957916200161,0.0129135791212,0.0291702188551,24
1793,35916,0.20450308919,0.684439837933,0.111057043076,368
24,87716,0.24232339859,0.0207042880356,0.736972391605,1793
24,4289,0.715908169746,0.0376893244684,0.246402516961,24
24,138956,0.568516969681,0.0656213611364,0.365861654282,24
1793,91156,0.0144930593669,0.0107004474849,0.974806427956,1793
1793,91648,0.073334261775,0.019521933049,0.907143771648,1793
368,23430,0.867119252682,0.0801192596555,0.0527614429593,24
1793,89475,0.0350931696594,0.634343147278,0.330563753843,368
1793,90806,0.0463251359761,0.351019203663,0.60265570879,1793
24,5902,0.768472075462,0.0865243524313,0.14500361681,24
24,260038,0.833880007267,0.0887778103352,0.0773421004415,24
368,270347,0.426928251982,0.225275963545,0.347795814276,24
24,28851,0.951951801777,0.0218396745622,0.026208575815,24
24,103408,0.146735683084,0.0489084497094,0.804355859756,1793
24,5944,0.771319508553,0.00456737866625,0.22411313653,24
368,23164,0.0573126301169,0.915024936199,0.0276624970138,368
368,258483,0.0234894901514,0.949136376381,0.0273740943521,368
24,137422,0.793904185295,0.115718953311,0.0903768762946,24
1793,89924,0.0433492138982,0.0137434462085,0.942907333374,1793
24,5955,0.746052742004,0.245004117489,0.00894317310303,24
24,6022,0.551661670208,0.102083131671,0.346255153418,24
368,99362,0.0263136588037,0.321205586195,0.652480781078,1793
368,23440,0.00346977054141,0.982437133789,0.0140930814669,368
24,24582,0.919371843338,0.0190765317529,0.0615516155958,24
